{
  "accuracy": 0.9099999999999999,
  "precision": 0.26095238095238094,
  "recall": 0.023064182194616978,
  "f1": 0.0423250509566299,
  "roc_auc": 0.7142721968824096
}